track_id,track_name,artist,playlist_name
5vNRhkKd0yEAg8suGBpjeY,APT.,ROSÉ,Most Played Songs 2025
2plbrEY59IikOBgBGLjaoe,Die With A Smile,Lady Gaga,Most Played Songs 2025
0FTmksd2dxiE5e3rWyJXs6,back to friends,sombr,Most Played Songs 2025
5MI9rnOsAayuxi7pKVydNg,Priceless (feat. LISA),Maroon 5,Most Played Songs 2025
6dOtVTDdiauQNBQEDOtlAB,BIRDS OF A FEATHER,Billie Eilish,Most Played Songs 2025
6tNQ70jh4OwmPGpYy6R2o9,Beautiful Things,Benson Boone,Most Played Songs 2025
3BntzKsnLf2pc0dsvE3Zav,Bad Dreams,Teddy Swims,Most Played Songs 2025
18cmlHgn4mO1KekdZjoAzN,PLEASE SAVE ME,YULEE,Most Played Songs 2025
5ZLUm9eab8y3tqQ1OhQSHI,Abracadabra,Lady Gaga,Most Played Songs 2025
2qSkIjg1o9h3YT9RAgYN75,Espresso,Sabrina Carpenter,Most Played Songs 2025
6qqrTXSdwiJaq8SO0X2lSe,Ordinary,Alex Warren,Most Played Songs 2025
3QaPy1KgI7nu9FJEQUgn6h,WILDFLOWER,Billie Eilish,Most Played Songs 2025
3be9ACTxtcL6Zm4vJRUiPG,blue,yung kai,Most Played Songs 2025
0yLdNVWF3Srea0uzk55zFn,Flowers,Miley Cyrus,Most Played Songs 2025
45J4avUb9Ni0bnETYaYFVJ,luther (with sza),Kendrick Lamar,Most Played Songs 2025
2FQrifJ1N335Ljm3TjTVVf,A Bar Song (Tipsy),Shaboozey,Most Played Songs 2025
3dj4wgM3cPeuLwMNHDuBon,The Door,Teddy Swims,Most Played Songs 2025
4iDXrF9nL9yoKbBphmJ31l,Bad Dreams,Teddy Swims,Most Played Songs 2025
1odExI7RdWc4BT515LTAwj,Daylight,David Kushner,Most Played Songs 2025
6AI3ezQ4o3HUoP6Dhudph3,Not Like Us,Kendrick Lamar,Most Played Songs 2025
7AKwWqnoMmvCqBQtcdIECG,ExtraL (feat. Doechii),JENNIE,Most Played Songs 2025
1musbempyJAw5gfSKZHXP9,Anxiety,Doechii,Most Played Songs 2025
4cSp2hlUlAwgurjIqHN592,Ring Ring,MIRA,Most Played Songs 2025
46kspZSY3aKmwQe7O77fCC,we can't be friends (wait for your love),Ariana Grande,Most Played Songs 2025
7BRD7x5pt8Lqa1eGYC4dzj,CHIHIRO,Billie Eilish,Most Played Songs 2025
3SKH53SPQbEnZR4cJPVaz2,Messy,Lola Young,Most Played Songs 2025
0GRc3eGTg8HBdWLRGYgqIc,Azizam,Ed Sheeran,Most Played Songs 2025
7ne4VBA60CxGM75vw0EYad,That’s So True,Gracie Abrams,Most Played Songs 2025
5N3hjp1WNayUPZrA8kJmJP,Please Please Please,Sabrina Carpenter,Most Played Songs 2025
142PiXzA84lmEw2RstFHFa,supernatural,Ariana Grande,Most Played Songs 2025
4CPuDVC8jhhK6lA2DIt8Cf,Born Again (feat. Doja Cat & RAYE),LISA,Most Played Songs 2025
1BJJbSX6muJVF2AK7uH1x4,Move,Adam Port,Most Played Songs 2025
4h9wh7iOZ0GGn8QVp4RAOB,I Ain't Worried,OneRepublic,Most Played Songs 2025
2u9S9JJ6hTZS3Vf22HOZKg,NOKIA,Drake,Most Played Songs 2025
7221xIgOnuakPdLqT0F3nP,I Had Some Help (Feat. Morgan Wallen),Post Malone,Most Played Songs 2025
5aIVCx5tnk0ntmdiinnYvw,Water,Tyla,Most Played Songs 2025
3Vr3zh0r7ALn8VLqCiRR10,Stargazing,Myles Smith,Most Played Songs 2025
4l09dn8jv0EM7NzViRWPut,Two Feet,TOESUP,Most Played Songs 2025
2GxrNKugF82CnoRFbQfzPf,i like the way you kiss me,Artemas,Most Played Songs 2025
1d7Ptw3qYcfpdLNL5REhtJ,Taste,Sabrina Carpenter,Most Played Songs 2025
0nj9Bq5sHDiTxSHunhgkFb,squabble up,Kendrick Lamar,Most Played Songs 2025
0KpWiHVmIFDTvai20likX4,drunk text,Henry Moodie,Most Played Songs 2025
2IGMVunIBsBLtEQyoI1Mu7,Paint The Town Red,Doja Cat,Most Played Songs 2025
5496lks6V3fh1mZAB6IAap,Alibi (with Pabllo Vittar & Yseult),Sevdaliza,Most Played Songs 2025
02CrqOYzrJR8fYOffhvRZZ,number one girl,ROSÉ,Most Played Songs 2025
7aQi48ImHQsfni7tDlFQvL,Snooze,SZA,Most Played Songs 2025
5Z2MiIZ5I3jJvvmeWMLbOQ,Escapism.,RAYE,Most Played Songs 2025
3rUGC1vUpkDG9CZFHMur1t,greedy,Tate McRae,Most Played Songs 2025
4OMJGnvZfDvsePyCwRGO7X,Houdini,Dua Lipa,Most Played Songs 2025
4BP93bKtQbKo56DCrZR0f0,Tattoo,Loreen,Most Played Songs 2025
3t1TAfnoXfnMclelI70UaX,Seven (feat. Latto),Jung Kook,Most Played Songs 2025
1rrqJ9QkOBYJlsZgqqwxgB,Rush,Ayra Starr,Most Played Songs 2025
4Vvy29lp15NvfeqC8PAr6U,Love Again,MIRA,Most Played Songs 2025
1z5ebC9238uGoBgzYyvGpQ,toxic till the end,ROSÉ,Most Played Songs 2025
7Cy3ctqrVQyNNKF7AjyDi6,Unholy (feat. Kim Petras),Sam Smith,Most Played Songs 2025
0WbMK4wrZ1wFSty9F7FCgu,"Good Luck, Babe!",Chappell Roan,Most Played Songs 2025
4TwEdnSiTPDR1vg1QZ5K8W,Beautiful People,David Guetta,Most Played Songs 2025
3SAga35lAPYdjj3qyfEsCF,Feel It (From “Invincible”),d4vd,Most Played Songs 2025
7ov3TDp5D00Rnu5R1viX4w,New Woman (feat. ROSALÍA),LISA,Most Played Songs 2025
0xGQTpN4ESETtl1Sp6rzd2,São Paulo (feat. Anitta),The Weeknd,Most Played Songs 2025
5SxahezRlC0saXbCALfB7c,End of the World,Miley Cyrus,Most Played Songs 2025
3gJAFFELdZyIM8tiwLAikg,Handlebars (feat. Dua Lipa),JENNIE,Most Played Songs 2025
3AWDeHLc88XogCaCnZQLVI,Cry For Me,The Weeknd,Most Played Songs 2025
0V584xEQYJ1NTIdGH7hDVg,Overdrive (feat. Norma Jean Martine),Ofenbach,Most Played Songs 2025
6wf7Yu7cxBSPrRlWeSeK0Q,"What Was I Made For? [From The Motion Picture ""Barbie""]",Billie Eilish,Most Played Songs 2025
6WO7IDGLakjO38lsvI2gHB,Slow It Down,Benson Boone,Most Played Songs 2025
6GD1eomgaGT1Epto6Q5eAo,golden hour,JVKE,Most Played Songs 2025
6YFwGUryBKKhJ7s7rZWix0,Bad Booty,MIRA,Most Played Songs 2025
331l3xABO0HMr1Kkyh2LZq,I Don't Wanna Wait,David Guetta,Most Played Songs 2025
6Qb7YsAqH4wWFUMbGsCpap,Training Season,Dua Lipa,Most Played Songs 2025
0QOiD5KHfvRm63iqwpute8,"Dance The Night (From ""Barbie The Album"")",Dua Lipa,Most Played Songs 2025
7mdJAkMBPkKYOLxcVPDqa0,With You,Dean Lewis,Most Played Songs 2025
64w75rrzxCw16mqFvEo8th,Carry You Home,Alex Warren,Most Played Songs 2025
2VqMBiaxblhhBHyB9X4ESl,Standing Next to You,Jung Kook,Most Played Songs 2025
1nStjUzehuAN2qy9MQpBF4,Nonsense,Sabrina Carpenter,Most Played Songs 2025
0mBP9X2gPCuapvpZ7TGDk3,Left and Right (Feat. Jung Kook of BTS),Charlie Puth,Most Played Songs 2025
2Zo1PcszsT9WQ0ANntJbID,Feather,Sabrina Carpenter,Most Played Songs 2025
4xhsWYTOGcal8zt0J161CU,Lovin On Me,Jack Harlow,Most Played Songs 2025
13NSf2YJVP9RLNBulaVART,I'm Good (Blue),David Guetta,Most Played Songs 2025
3Kw7zkALCVxY4wmlnh2IWC,Cupid - Twin Ver.,FIFTY FIFTY,Most Played Songs 2025
2Ggr9IfS70wYQacW8nZKPG,labour,Paris Paloma,Most Played Songs 2025
5hnGrTBaEsdukpDF6aZg8a,How Do I Say Goodbye,Dean Lewis,Most Played Songs 2025
545ffQzLmyqTYkUhaodJUv,Ladida,MIRA,Most Played Songs 2025
48vIfHaK7by6x0T6ucpODL,Make You Mine,Madison Beer,Most Played Songs 2025
7sFMOSnRBa6td4lZa1oiTI,How Does It Feel To Be Forgotten,Selena Gomez,Most Played Songs 2025
541sN2qNfIlllGn9nGOQoC,Revolving door,Tate McRae,Most Played Songs 2025
7cbe94yjeFCvXZ0T7avjJS,People,Libianca,Most Played Songs 2025
5CCr8msaN3MhgqBoa9yWhH,Boy's a liar Pt. 2,PinkPantheress,Most Played Songs 2025
3OHfY25tqY28d16oZczHc8,Kill Bill,SZA,Most Played Songs 2025
6EAi6A0XQzYQ6ltdjYaD8H,Miss You,Oliver Tree,Most Played Songs 2025
5rlbcSEdOrMLzb61ap1CQ2,Bad Habit,Steve Lacy,Most Played Songs 2025
3LtpKP5abr2qqjunvjlX5i,Doja,Central Cee,Most Played Songs 2025
5PyDJG7SQRgWXefgexqIge,Agora Hills,Doja Cat,Most Played Songs 2025
6gcuJpHu0Ey30D5WR76y98,You & Me,JENNIE,Most Played Songs 2025
2zOmS55knKWSgScYPTNmGQ,Sports car,Tate McRae,Most Played Songs 2025
1Cbl3Yq8rHo7hhDQmLQagU,PUSH 2 START,Tyla,Most Played Songs 2025
0O6u0VJ46W86TxN9wgyqDj,I Like You (A Happier Song) (with Doja Cat),Post Malone,Most Played Songs 2025
3lT8VPTKd1Jlztq6IZNIcf,Duro,MIRA,Most Played Songs 2025
2z9FUHRkbkV4BObNzbHsFU,Born With a Broken Heart,Damiano David,Most Played Songs 2025
726SEjbF3ToEbYbn43gnxl,Nice To Meet You,Myles Smith,Most Played Songs 2025
7b6sWLSnbZhSIeqNGrJ4py,These Walls,Dua Lipa,Pop Playlist 2025
17gvIpJ9JeDAvqfe1bc4kS,Comin Up,Saukrates,Pop Playlist 2025
4I86XPZbm9GGIRNHHt3j8D,Buttermilk,Chemical Dreams,Pop Playlist 2025
7jpiH3GYeVQLURVyXcfeeE,What A Feeling,Tennyson King,Pop Playlist 2025
4xhsWYTOGcal8zt0J161CU,Lovin On Me,Jack Harlow,Pop Playlist 2025
7gaA3wERFkFkgivjwbSvkG,"yes, and?",Ariana Grande,Pop Playlist 2025
68rH0zqmmm1VdkeFG5EsGf,Do Me,Darline Desca,Pop Playlist 2025
62ZUAbF1hENxnUUnapVk5k,Dancing in the Kitchen,Richard Tichelman,Pop Playlist 2025
1BxfuPKGuaTgP7aM0Bbdwr,Cruel Summer,Taylor Swift,Pop Playlist 2025
5oDoyk0opRGCdDzDNZB2D9,How Bad Do You Want It,Crystal Shawanda,Pop Playlist 2025
3rUGC1vUpkDG9CZFHMur1t,greedy,Tate McRae,Pop Playlist 2025
5594ldJmCrYbJRXWKeKtGB,LET'S COME TOGETHER,Moonlyn,Pop Playlist 2025
0DeMIk4awucVx1kqFtwvLd,For Now,The Swell,Pop Playlist 2025
37Pqm6db9b9GTBsl89tDDG,Carry On,"I, the Mountain",Pop Playlist 2025
6tAkGAypIBQXpC443aKlwc,Picture Perfect,Sydney <3,Pop Playlist 2025
0SOSZkvm89Mbl6SjpbGqOp,Love Sick,Revay,Pop Playlist 2025
19cpiX9fbiTI2BfxVFZS3f,Lost Connection,Eric Silverman,Pop Playlist 2025
6c1ftmB5xcrmyBePbWAtOM,nauseous from existential dread,Caylie G,Pop Playlist 2025
6iF4RgIjDvDqyW13PezSj3,Single Soon,Selena Gomez,Pop Playlist 2025
0Nfh4u0J4bajcyp5pzaWCx,Used To Be Young,Miley Cyrus,Pop Playlist 2025
3GEqrCrI6Evfd5tWReJl3I,In The Air,Brian Melo,Pop Playlist 2025
1q4BCQssFe74UJmnWt5lov,Lipstick,Charlie Puth,Pop Playlist 2025
4KOXNeVcdziKWHqZO11OFq,Alone (Whole Again),Zochi,Pop Playlist 2025
1dh5DUke1yHJzIF3Sa7nXC,Pretty Girls,Reneé Rapp,Pop Playlist 2025
4eQEWz13F9vDpLobp8uJan,Ménage à Trois,Calvyn Cass,Pop Playlist 2025
5oEGRzJ2SGRJQEbW9GcdbK,New Company,Sam Casey,Pop Playlist 2025
2UVZyZxBafIjuS2NyvMMph,With You,Steven Ryan,Pop Playlist 2025
6IYIPVF7RZQUEbVVs47xqw,At Your Worst,Calum Scott,Pop Playlist 2025
3V9iqrqitqczjTjnLMI4oW,I Want To Be The First,ThisisRey3Rocco,Pop Playlist 2025
3rav78kVqjui8Rv2Smyylr,Too Much Pride,BennyT,Pop Playlist 2025
34od2bAA4efwuSdatiBs30,RED TAPE,Cam Blake,Pop Playlist 2025
3qG8ntxdiWYHIpTowxtaKB,Day One,Aline Garza,Pop Playlist 2025
0wvZqIlytT107FSU3uY6O5,Forget Me,Kate Gillespie,Pop Playlist 2025
1P1natdEdZvNBMoMDAEOOT,Middleman,Brian Melo,Pop Playlist 2025
2dHHgzDwk4BJdRwy9uXhTO,Creepin' (with The Weeknd & 21 Savage),Metro Boomin,Pop Playlist 2025
6XupBzKxOGGJjQGKSgPbUT,Amanda,A Weekend at Ramona's,Pop Playlist 2025
40dpvU2TAE7aIk4a51YkHB,IG,John Orpheus,Pop Playlist 2025
3OHfY25tqY28d16oZczHc8,Kill Bill,SZA,Pop Playlist 2025
1Gb35Fr4qGEF9MfJXbuBEf,Bow Chicka WOW,Jeremie Legault,Pop Playlist 2025
3nqQXoyQOWXiESFLlDF1hG,Unholy (feat. Kim Petras),Sam Smith,Pop Playlist 2025
4sg2WFd3iiDK1gX06lWbZv,"4,5,6",ADEOLUWA,Pop Playlist 2025
5tmAYEtBv9kZZ4M1sSpa40,Kings of Love,"I, the Mountain",Pop Playlist 2025
0V3wPSX9ygBnCm8psDIegu,Anti-Hero,Taylor Swift,Pop Playlist 2025
0Oo4hx52rM8YVgwsyu1lNu,Goodnight Joe,Daniel James McFadyen,Pop Playlist 2025
72yP0DUlWPyH8P7IoxskwN,Hold Me Closer,Elton John,Pop Playlist 2025
0HqZX76SFLDz2aW8aiqi7G,Bones,Imagine Dragons,Pop Playlist 2025
5UBf5zMnfnJUbIzZvgLMCZ,Going Down Singing,Emily Mac,Pop Playlist 2025
0WtM2NBVQNNJLh6scP13H8,Calm Down (with Selena Gomez),Rema,Pop Playlist 2025
4h9wh7iOZ0GGn8QVp4RAOB,I Ain't Worried,OneRepublic,Pop Playlist 2025
3ClNXyZmRfwUjL6c0iTilo,Happy Less,Steven Ryan,Pop Playlist 2025
5hnGrTBaEsdukpDF6aZg8a,How Do I Say Goodbye,Dean Lewis,Pop Playlist 2025
2j0uG3Ic5RPTcJM1S9Meb9,Rubber Tramp,Tennyson King,Pop Playlist 2025
3z6SKR6Lj9QP6Iw0Bc8CDg,Bet & Bust,Jacob Weil,Pop Playlist 2025
4Dvkj6JhhA12EX05fT7y2e,As It Was,Harry Styles,Pop Playlist 2025
10xV5l9nhLvFpR8mqzs0bL,Numb,Marshmello,Pop Playlist 2025
0prbvDtiY8FrZKEj8LF4Rs,I Like You (A Happier Song) (with Doja Cat),Post Malone,Pop Playlist 2025
1uTWuhwyZVLHxrBwn732FN,Find My Way To You,Daniel James McFadyen,Pop Playlist 2025
7newfXclX39UwWTw2gDswM,Tread Carefully,SZA,Pop Playlist 2025
6kxaaIeowajN7w21PfMLbu,So Good,Halsey,Pop Playlist 2025
4h4QlmocP3IuwYEj2j14p8,Sunroof,Nicky Youre,Pop Playlist 2025
2UN0lp72LAusrXi8LLVomt,2step (feat. Lil Baby),Ed Sheeran,Pop Playlist 2025
10SRMwb9EuVS1K9rYsBfHQ,Yet To Come,BTS,Pop Playlist 2025
079mntueS2KWjxVqOHjG70,Flowers Need Rain,Preston Pablo,Pop Playlist 2025
3RhyHYnYxuGnP8njFlNxHq,don't come back,Tate McRae,Pop Playlist 2025
1r8ZCjfrQxoy2wVaBUbpwg,THOUSAND MILES,The Kid LAROI,Pop Playlist 2025
1WCEAGGRD066z2Q89ObXTq,Crazy What Love Can Do,David Guetta,Pop Playlist 2025
1R7WcoUBGKJY15HGQxb62G,Headphones,Banx & Ranx,Pop Playlist 2025
3S68RFe1lsdCdTMPIMJM3X,Cash In Cash Out,Pharrell Williams,Pop Playlist 2025
5rW7qTn83sCKtqBoneJs63,edamame,bbno$,Pop Playlist 2025
3lDSWvR0FXWGXo7mhDUs3v,Bam Bam (feat. Ed Sheeran),Camila Cabello,Pop Playlist 2025
7fYRg3CEbk6rNCuzNzMT06,Potion (with Dua Lipa & Young Thug),Calvin Harris,Pop Playlist 2025
0wHFktze2PHC5jDt3B17DC,First Class,Jack Harlow,Pop Playlist 2025
1PckUlxKqWQs3RlWXVBLw3,About Damn Time,Lizzo,Pop Playlist 2025
31mrtNR1XctnUfX1nMK76l,The Cape,Katherine Fischer,Pop Playlist 2025
7aAsStiuC4Zw8vIbvRWtq7,Sacrifice (Remix) (feat. Swedish House Mafia),The Weeknd,Pop Playlist 2025
2iHsdUnmKGIuc9oRE3DfgJ,House On Fire,Mimi Webb,Pop Playlist 2025
1Xem9XFWjcOlGmqmHDE33A,Dirtbag Daisy Chain,Maddie Storvold,Pop Playlist 2025
0oN3KzKOxYtyIuNiobf8Q4,Fast Times,Sabrina Carpenter,Pop Playlist 2025
697MdxMbVWn1Ajbw8iaPv5,Last Birthday,Valley,Pop Playlist 2025
5902W4uHWzhtOff1UK7the,When I’m Gone (with Katy Perry),Alesso,Pop Playlist 2025
5wb8h2gUzyhmCwOtGp29z4,Real Thing (ft. Elohim),Lights,Pop Playlist 2025
0gplL1WMoJ6iYaPgMCL0gX,Easy On Me,Adele,Pop Playlist 2025
5O2JgNxXdpN8ta5obPoBLJ,Streets & Avenues,Maddie Storvold,Pop Playlist 2025
7u3Jn3uehu2mFCf1ETkrc2,Tired,Soran,Pop Playlist 2025
6FRxFke9VsjXmibGgSeKki,Sweet Talker,Olly Alexander (Years & Years),Pop Playlist 2025
6bQfNiqyCX7UaQSvVVGo4I,Shivers,Ed Sheeran,Pop Playlist 2025
0k1WUmIRnG3xU6fvvDVfRG,Way 2 Sexy (with Future & Young Thug),Drake,Pop Playlist 2025
5PjdY0CKGZdEuoNab3yDmX,STAY (with Justin Bieber),The Kid LAROI,Pop Playlist 2025
3XKjZcgNYtvCmBpE1nX7Wn,"I am not a woman, I'm a god",Halsey,Pop Playlist 2025
3bz9XeW8hnN5Xs9SwoXQwu,Moon With A Fishing Rod,Maddie Storvold,Pop Playlist 2025
3eJH2nAjvNXdmPfBkALiPZ,Acapulco,Jason Derulo,Pop Playlist 2025
6zSpb8dQRaw0M1dK8PBwQz,Cold Heart - PNAU Remix,Elton John,Pop Playlist 2025
2YcPeaG4N0aY8u2LWgZy7E,Confidence,Steven Ryan,Pop Playlist 2025
0z8hI3OPS8ADPWtoCjjLl6,Summer of Love (Shawn Mendes & Tainy),Shawn Mendes,Pop Playlist 2025
6OGogr19zPTM4BALXuMQpF,Take My Breath - Single Version,The Weeknd,Pop Playlist 2025
3KdoeNlEN0BoAKWzaRLNZa,Solar Power,Lorde,Pop Playlist 2025
3F450ZpnsuW5G7YMmjMLmi,HIT IT (feat. Saweetie & Lele Pons),Black Eyed Peas,Pop Playlist 2025
0mHGftgYtmpH4y17T3VZ2E,@ my worst,blackbear,Pop Playlist 2025
4ZtFanR9U6ndgddUvNcjcG,good 4 u,Olivia Rodrigo,Pop Playlist 2025
6PQ88X9TkUIAUIZJHW2upE,Bad Habits,Ed Sheeran,Pop Playlist 2025
57wp7VFnV8X0pSVnYArGeJ,Whatever She Wants,Bryson Tiller,Rap Playlist 2025
3w0w2T288dec0mgeZZqoNN,CARNIVAL,¥$,Rap Playlist 2025
7sTyAjxDXq9afwfSQy6D0s,BANDIT,Don Toliver,Rap Playlist 2025
17gvIpJ9JeDAvqfe1bc4kS,Comin Up,Saukrates,Rap Playlist 2025
5GCU2LJWPzoP8Q6nexs61z,Let's Go,Key Glock,Rap Playlist 2025
04hUM7LJ5KwwwprBnLT3Zq,Sunset Flicks,Odario,Rap Playlist 2025
3THYBydaUlqHzvHHoDHtZg,Trippin' Ballz,round_ruckus,Rap Playlist 2025
5gzEL5O1ubbtIHUhLkSMTz,Loop Hole (feat. 21 Savage),Tee Grizzley,Rap Playlist 2025
7cGIJJovYwNINi4QJY775i,SUMMER NIGHTS,BENTLY BOY,Rap Playlist 2025
2BsnTatSsedg6AADVuXkeB,The Moleskine,K.O. Strat,Rap Playlist 2025
1udwFobQ1JoOdWPQrp2b6u,Surround Sound (feat. 21 Savage & Baby Tate),JID,Rap Playlist 2025
0YPUlatcxD4KhrVXohCSaF,Bonjour à l'aurevoir,Bonbec,Rap Playlist 2025
6uTPdRrEDeH8Fyg5L5qmeU,Never Lose Me,Flo Milli,Rap Playlist 2025
52eIcoLUM25zbQupAZYoFh,redrum,21 Savage,Rap Playlist 2025
7aqfrAY2p9BUSiupwk3svU,First Person Shooter (feat. J. Cole),Drake,Rap Playlist 2025
1nQaTUDJ7Rc4yOvZmg9Ozr,Mmhmm,BigXthaPlug,Rap Playlist 2025
2YOGEEeB8S2efzmD7Nxmou,Ain't Change,Pîsim Sb,Rap Playlist 2025
6iiCzEd1ULpq7nXbZVQ4pi,Soak City (Do it),310babii,Rap Playlist 2025
4MjDJD8cW7iVeWInc2Bdyj,MONACO,Bad Bunny,Rap Playlist 2025
4xhsWYTOGcal8zt0J161CU,Lovin On Me,Jack Harlow,Rap Playlist 2025
0kuwVkQgecLdz5kcrRCdyy,Good Vibes,round_ruckus,Rap Playlist 2025
485mSqbTvp0pdiK0UW2wbt,Patty Cake (feat. Takeoff),Quavo,Rap Playlist 2025
67nepsnrcZkowTxMWigSbb,MELTDOWN (feat. Drake),Travis Scott,Rap Playlist 2025
2ufahvEKcQW69XYjWcmKXH,Hold Me,Quavo,Rap Playlist 2025
2yUzr8Sr6ldG8vmHhZwTnz,née-nah,21 Savage,Rap Playlist 2025
4KfnK1Ns1YQ0zyJfAE4Lon,Who Am I To Judge,Plex,Rap Playlist 2025
366l0GrM5YbI9fgue6q6gL,All Rich,NojokeJigsaw,Rap Playlist 2025
7DwcBgdzqhFJltEaV1XF81,Cooped Up (with Roddy Ricch),Post Malone,Rap Playlist 2025
77dzXfCPKORERnrtqNKVBg,Glitter Bomb,Paytra,Rap Playlist 2025
62Yo3FDddWY8ydu6PW2wyz,Nail Tech,Jack Harlow,Rap Playlist 2025
0euy4eTZAlrzlCp2cMF19c,ALEXANDER MCQUEEN,BENTLY BOY,Rap Playlist 2025
5yY9lUy8nbvjM1Uyo1Uqoc,Life Is Good (feat. Drake),Future,Rap Playlist 2025
3LnpBazWpD31QMTn6LgVGv,pushin P (feat. Young Thug),Gunna,Rap Playlist 2025
1CepULbsK4Vfrpp0u9BD70,LOGIC (Lucky Charm Freestyle),Charmaine,Rap Playlist 2025
2CTIrIH7AXD4hLAcRyFLsx,Water Whip (feat. 2kz & YTN Paco),Dj Charlie B,Rap Playlist 2025
1z7LV5wkExwW8YJk0IrPUA,Jumpin (feat. Polo G),NLE Choppa,Rap Playlist 2025
29TPjc8wxfz4XMn21O7VsZ,Sky,Playboi Carti,Rap Playlist 2025
3RoCi49XvcidDK7OqGw7fb,Come Through (feat. Lil Tecca),Bankrol Hayden,Rap Playlist 2025
0k1WUmIRnG3xU6fvvDVfRG,Way 2 Sexy (with Future & Young Thug),Drake,Rap Playlist 2025
5W8jRrZ6tWrTrqnKRtIQBf,p r i d e . i s . t h e . d e v i l (with Lil Baby),J. Cole,Rap Playlist 2025
2NM0qHzx4Ohy8iXHEEgwlO,Having Our Way (feat. Drake),Migos,Rap Playlist 2025
1cEhrSF6EylAEqdhUGuNpX,LET IT GO (feat. Justin Bieber & 21 Savage),DJ Khaled,Rap Playlist 2025
3aQem4jVGdhtg116TmJnHz,What’s Next,Drake,Rap Playlist 2025
3X2r2CnHOJeV5YekPTgBnK,Straightenin,Migos,Rap Playlist 2025
3Kwdm0iLyEiRB8InsZoo6n,Talk To Me,Drakeo the Ruler,Rap Playlist 2025
1beHQImRxXj3G8fxwoIIFG,Tesla,Haviah Mighty,Rap Playlist 2025
2xlOJSbScxrHHOmlNmILpD,Neighbors (feat. BIG30),Pooh Shiesty,Rap Playlist 2025
7Ei7kZxjEw9d76cEDxoxua,What It Feels Like,Nipsey Hussle,Rap Playlist 2025
1TZv3bujNaYz646eezRE91,Seeing Green (with Drake & Lil Wayne),Nicki Minaj,Rap Playlist 2025
17vGPZ5EsdvtgAOCD4FLWI,AP - Music from the film Boogie,Pop Smoke,Rap Playlist 2025
03xWAvfTnVSZFhSkjQNiqR,Kingdom,Morray,Rap Playlist 2025
3FDrsHbTzwO7qvQGewE58e,Sauce,Gee Wunder,Rap Playlist 2025
0lEjxUUlKqjqXrVlIHFduD,P power (feat. Drake),Gunna,Rap Playlist 2025
4iDCuTlmGNbpuUILTsJ9vf,Jesse Owens (feat. NAV),Rowdy Rebel,Rap Playlist 2025
7xNFqSFBLBlotvDT3gjbJ8,Campbellton (feat. King Von),Madmarcc,Rap Playlist 2025
6eVxH9Kyanzrw636zJRPcw,Errbody,Lil Baby,Rap Playlist 2025
13bwrVGjmhOqDdw9MiaS76,my oh my,bbno$,Rap Playlist 2025
1xzUQMiCoY5pdego0pHMeV,She Knows This,Kid Cudi,Rap Playlist 2025
6cS9PmLky2NhLOhpIsUlow,Gnat,Eminem,Rap Playlist 2025
5IUtvfNvOyVYZUa6AJFrnP,Spicy (feat. Post Malone),Ty Dolla $ign,Rap Playlist 2025
2V6pjeOCuPBVlatcWTXUtP,Coco (feat. DaBaby),24kGoldn,Rap Playlist 2025
57VeLYXrvNxe8Vs18K2M9W,Way Out (feat. Big Sean),Jack Harlow,Rap Playlist 2025
7E1lnnPsrnHslXSWomUkLP,Entrepreneur (feat. JAY-Z),Pharrell Williams,Rap Playlist 2025
2gX1AtSEHYvDh7AeFwjCf4,Devil Is A Liar,Ashton Francis,Rap Playlist 2025
1HGf4BXTUc5nsNdYUV7jGJ,KING OF THE TOWN,DillanPonders,Rap Playlist 2025
31SQW7HJ7Px3Svy9Kqis3e,U FOINE,Blvc Svnd,Rap Playlist 2025
2Fx7ZQIHpvK1n9Z0m9J7HI,Rome,Dessa,Rap Playlist 2025
4ujhIlrqgGGTGrvqaG1qMZ,All In,YoungBoy Never Broke Again,Rap Playlist 2025
3zgmXRkDDfR0uF6Mo33iba,Boss Is Back,C Montana,Rap Playlist 2025
58u07iWTstIQrxiCM2GuuA,Part Of The Game (feat. NLE Choppa & Rileyy Lanez),50 Cent,Rap Playlist 2025
1iapnxbK1ZDsuTL3jMoOtJ,Ultra Black (feat. Hit-Boy),Nas,Rap Playlist 2025
7Fqk0z9vy2KjqR2fMHQ7yL,One Shot (feat. Lil Baby) - From Road To Fast 9 Mixtape,YoungBoy Never Broke Again,Rap Playlist 2025
2SAqBLGA283SUiwJ3xOUVI,Laugh Now Cry Later (feat. Lil Durk),Drake,Rap Playlist 2025
7cuyEADLTVrpPfCJrB78xg,Tattoo,Layto,Rap Playlist 2025
7dmD4eaEb5UCBYcEJkLke9,Kacey Talk,YoungBoy Never Broke Again,Rap Playlist 2025
1H7KnK26kc1YyellpbINEn,The Woo (feat. 50 Cent & Roddy Ricch),Pop Smoke,Rap Playlist 2025
2SMfmrVccCcjaGO5MkPoFf,180,Shyler,Rap Playlist 2025
6WbTTAGKrQtCQvmc5BuYfh,Girls in the Hood,Megan Thee Stallion,Rap Playlist 2025
2z4eJOcmzeopzffNpor4vt,Shimmy (with Doja Cat),Lil Wayne,Rap Playlist 2025
6wJYhPfqk3KGhHRG76WzOh,Blueberry Faygo,Lil Mosey,Rap Playlist 2025
7ytR5pFWmSjzHJIeQkgog4,ROCKSTAR (feat. Roddy Ricch),DaBaby,Rap Playlist 2025
2htWkADkEaEaEs3FDF6wyl,Bitcoins,Price Da Boss,Rap Playlist 2025
6o3QUC5oAE4g6WxRIFcZtb,Wishing Well,Juice WRLD,Rap Playlist 2025
1SedJ3dLWoCqnPIGeEMUJH,Attachments,Pressa,Rap Playlist 2025
4Zjdzxx0dsavsr7Ehr8fGE,Prospect (ft. Lil Baby),iann dior,Rap Playlist 2025
7LS1ejD2YP26363YkJmVdZ,Through The Wire,Rod Wave,Rap Playlist 2025
01LmNxhPP1pHf4rik5adVq,Rich Criminals (feat. DaBaby),NoCap,Rap Playlist 2025
38iBrrbbXyWaSPkmuDNgjZ,The Adventures of Moon Man & Slim Shady (with Eminem),Kid Cudi,Rap Playlist 2025
45npF3MKvCa1sO7s4y7qBf,Said Sum,Moneybagg Yo,Rap Playlist 2025
1K5KBOgreBi5fkEHvg5ap3,Life Is Good (feat. Drake),Future,Rap Playlist 2025
2MbdDtCv5LUVjYy9RuGTgC,"WHATS POPPIN (feat. DaBaby, Tory Lanez & Lil Wayne) - Remix",Jack Harlow,Rap Playlist 2025
7mlEwH050EmDMhwaldmwAL,Eucalyptus Trance,Dada Pop,Rap Playlist 2025
2pdBFM59xky80q0qWjh7cG,Till The Morning (Lil Yachty feat. Young Thug & Lil Durk),Lil Yachty,Rap Playlist 2025
01TfjDpIKnUXpJBjzv4j1i,SouthWay,Duvy,Rap Playlist 2025
3YdlgvPxoVoQPClWy0V2YT,Slick Talk,Jayy Brown,Rap Playlist 2025
3JKgcAa7r07ocVWcV8bS0H,21,Polo G,Rap Playlist 2025
6bQxf17Bwd3eHmmkFMYbyf,Sea To Sky,RanchWriters,Calm
71GI1dbCJwjxfNgSsbwrBD,Green Church,Kevin Hearn,Calm
5e5tJl04Fp74oHxpsrC7Tk,Meditabundus,Gianni Goggia,Calm
1yNgvWBb8Da1P9XQdYdP5L,Hallelujah,Canadian Brass,Calm
5HVHnoZniuyJeO9j3FvTVk,Be Still,Ex Confusion,Calm
3yaU5EmEsxuKnDsGEJhYO8,Seeking Serenity,Nicholas Gunn,Calm
6DShJaoYtJeepxw7HLdSdt,when the party's over,Finneas O'Connell,Calm
5TxbruC6gm7kCvYw5WyHKt,Yesterday - Piano Instrumental,Chris Palmer,Calm
69rQFF2CplK9aaHbdB4bNL,La Vernatelle,RIOPY,Calm
1aRevnTlFc120GJGdAg7Ih,Is This What You'd Imagined,Aija Alsina,Calm
26VfZbxLL7h6IC504L3KlV,Notre envol,Raphaël Novarina,Calm
1qKn2TQKkAnRJWDBsN5IAa,Cantarium,Liona Boyd,Calm
2o5OOd0kpXI20pxo3dmFD7,Reminisce,Human Is Alive,Calm
49XbqfLb6lKy587osHU6Se,Stella Solaris,Der Waldläufer,Calm
6pm8rLrjU9U5i6w30MHxtb,Along The Boundary,Sophie Hutchings,Calm
5MEpQmJY1YkriTlINUicTV,Dusk,Justus Rümenapp,Calm
3vaDxAHX0ZuXnWdOJHzcEM,Daybreak at Timp Point,Nicholas Gunn,Calm
7KRS8UK2Fh0ZpmLu9BN30a,Winds Of Change,Karim Kamar,Calm
7hyAAjHZaDWSPDzlUYNUIa,Threnody,Goldmund,Calm
35dm87P91GRicjXOPi9OVP,For Her,Zoé de Vera,Calm
5BqFiljRMLSF7ohyZvvCYF,Wings of Change,John Clark,Calm
3AwLPoRTS7GNMTEb6UjAbw,The Gift,Gavin Luke,Calm
0NjMXdBLPr6Cia8aS07tmO,"Leaves Of Green, Sky Of Blue",Golana,Calm
1jZCvhaI9If9LjFGyAmO9c,Serenity V,Michael Hoppé,Calm
4KDCEcl4YnrFoiEj9u2Bqs,Under the Maritime Moon,John Clark,Calm
0xdPDJMJ5xYByIrSH2aKA4,Truth - Helios Remix,Balmorhea,Calm
13GnQZ3btZDlBKSp0C4467,Blue Liquid,Andy McKee,Calm
5asbxaRg8cH7pSJbbO3RE8,Fred Neil,RanchWriters,Calm
5oyAYwclaFNQPkwuIU70YL,Catherine,Don Ross,Calm
1tT8IFC5aZfY07dxYy0J4L,Message in a bottle,Enzo,Calm
5TpL9ApLHvN1c3s4Jh10mR,En el Templo Antiguo (Into the Ancient Temple),Nicholas Gunn,Calm
6rbpQhCpV8dAUlBG6LjObv,Tabula Rasa,Calum Graham,Calm
62jMN3PyLkLlgeWGuzAyM8,Rivers of Life,James Asher,Calm
5NRhAVJrW5o4FK1OKKgbgQ,Lakeshore,Wolfgang Snow,Calm
7MvkDYQUj7X219SwbHm6DT,When the Fairy Cries,Agustín Amigó,Calm
5NiK1YYi0VsRnYAd0agBEo,Storms,Nick Box,Calm
0sk2c1F1WqhnBDFlxefiQM,Secret Haven,August D. Valentine,Calm
4xLpoHsT6D2uhO1dS721VQ,Emerald Spring,Nicholas Gunn,Calm
4J1EvyKlYNfgzaD3pUIDAz,When We Were Young,Robert Mendoza,Calm
5hN8B7iH9FsMgZFkyJtVcC,Rylynn,Don Ross,Calm
0IHW1TTzerEoXpdxkBG1Gf,New Horizon,Ty Burhoe,Calm
6nS9crd0L3jh2zbGCPGkiC,The End of All Rivers,Bruce Cockburn,Calm
3ixxaNCC6LbFiTD8xS61xS,Both Sides Now,Canadian Brass,Calm
5z0Jl3ChNEUqi2CCSzACsJ,River Flows In You,Miranda Boumedin,Calm
2QxRnK5E0kZEd0bD7x74UB,Joy,RIOPY,Calm
6pyfFXqge6h7QF26kZ14xP,I Can't Make You Love Me,Natalie MacMaster,Calm
2ZA0J8gcbUxetOh1R3rzMp,State of Existence,Christos Konstantinidis,Calm
65AHFH7pRxxMrFDsFVH5Hv,Your Peace,The Tides,Calm
4kcReaJok7Xm2rLgwej1nL,Bonaparte Plateau,RanchWriters,Calm
3MhO0hNpWc2FQBLWuUKxxD,Peacefulness,Kent Paters,Calm
2XeZi7qwChzLOt32tsoPXV,Gaze,Moux,Calm
0ZyO8ieWV63JiMAguidMHs,Headroom,Aurélien Trigo,Calm
5UxO2cOUzS9pRJzWs3zIlc,Spring,Kee Marcello,Calm
3bCmDqflFBHijgJfvtqev5,1/1 - Remastered 2004,Brian Eno,Calm
5dColdCVIA46JfSl3YkP2E,Condesa,Nicholas Gunn,Calm
2wxkIxCjB5047xUG5njMQ2,Farewell (feat. Michael Manring),Calum Graham,Calm
3YYKrn3iGOAel605Znt3ai,"Comptine d'un autre été, l'après-midi",Yann Tiersen,Calm
6kAwnVIencquZ72t4X46Lh,Afternoon Spirits,Cora Zea,Calm
3FVy3aVs0TFzLv6FEiLqC2,Dream 1 (before the wind blows it all away) - Pt. 1,Max Richter,Calm
09g7JMQLhGPspMm1hfeqCc,First Bridge,Voyager,Calm
331iLszrgVOeYNl2KKn12j,Gone,Gavin Luke,Calm
2HxLZySvBBXIxt9RIsIScf,Crash,Arms and Sleepers,Calm
1lKQjJBkYsjfhD29RPFgBB,Paris - Piano,Carmen da Silva,Calm
0uyWXMgVE7dW6ij7ZfgjfW,Misty Wind,Enzo,Calm
5zCFuB2hlS85wzZGpdbM8H,Eventide,Michael Hoppé,Calm
5fcTQdhuR2FBg7d6mflw3x,Tranceformation,Enrico Carmona,Calm
27yrt4ZgZ9ipfbndTyTwsV,Painting The Horizon,Deep Inside,Calm
0U7lrOlVXovIEyW8qKHhGa,Azaela Sunrise,Nicholas Gunn,Calm
5kEBCeCA8lrYyLar9WGbhY,Sometimes,Goldmund,Calm
60nhoUdtsUq4FOwts7B2bM,In Bloom,Zoé de Vera,Calm
3Z0n8POAcDQCSyxA06cqbW,Tone of Love,Charles Bolt,Calm
06nIUjSQLB98MXdTvnEGnR,Quinta Essentia,Nicholas Gunn,Calm
6KOBMsYaTl9ehUTF3NcX3c,May it Be,2CELLOS,Calm
0nBajCPxlznnp1TPmsm6Y2,Love & Kindness,Golana,Calm
6khVRKrZtK3eZyc8eTaLOV,Shanti (Meditation),Becki DeVries,Calm
6opPrJUpq4Pl5c84eCwLmo,Gabriel's Oboe,Ennio Morricone,Calm
0tQS7wOxNBbZ4U8z6Lrvt3,Farewell To Peter,Natalie MacMaster,Calm
4VCKj1eGRZ0snkb5WLgLsX,Remembrance,Balmorhea,Calm
6URm2kt7SV1bXWTxNQtVYR,La Valse d'Amélie - Version piano,Yann Tiersen,Calm
2mGpfyZuvwQT7qimhly4S1,The Destination,Momento,Calm
7vCDAK4DJNr1GHYEG3Ylyp,Sueño tranquilo,Pedro Caceres,Calm
7CGtdNBijQGEvkZeLU4699,Everyday Peace,Moira Kent,Calm
4LGW9dwnuR8a3G1GWcAubi,Sleeping Trees,John Ocean,Calm
5yGRHsgHyUgctn0nDJXk9D,Blossom,FANAR,Calm
7pW07kmvEDuFexl5nYpUjk,13th Mountain,Canadian Brass,Calm
3Fa6HvK3gHnv76wGdBI9kA,On the Shores of Tulum,Nicholas Gunn,Calm
6rvltM3hjcZ9JPlNsZ0v6D,Chuska,Morongo,Calm
6OoZfXgh8Y6V869KQMVY4e,Ballerina - Ambient Version,William Keats,Calm
6TYC1zqaxjTvrii0j9I65Q,The Setting Sun,Voyager,Calm
2QN55dmp583TNohDVITyfz,Frozen Grasslands,Cora Zea,Calm
2C0yGv2SPRTfb0O6FMIEb5,Lonley Sea,Casiamty,Calm
4GlveryProx302jQ9hHjqe,Rebirth,Spirit Minds,Calm
3QVAtsZYZhTvAK995bxUkY,Hiro,Sight of Wonders,Calm
2CVoj73sTbBrfBoQTEk7yO,Forget,Jakob Ahlbom,Calm
2mXs5X2hDss3gdOAwaWgl7,Stelliferous,Szigeti Aliz,Calm
7vfYsS34eZojVLXsknEj1J,My Sleeping Rose,Havanna Chandri,Calm
0InRM2Ob0s2tDo0vQli8Qd,Beneath Mexican Stars,Michael Hoppé,Calm
4amhCY18OuVRix7E1vUZJb,Gentle Serenity,Perfect Shapes,Calm
13TlLMjvV0pZqBF7DKIs94,Lost at Sea,The Tides,Calm
5vH4oSAPbvijjWJjdCNLx4,The Yearning,Nicholas Gunn,Calm
0ENOb4wQFxQRsuoCiws5Ck,This Song Kills Hate,Colin James,Rock
18Mcw52EAQRlA4awyJby3r,Struck Down By The Blues (ft. Steve Strongman),The Fabulous Thunderbirds,Rock
5y1kheWw8d3DHl8bv5aEE8,Mustang,Kings of Leon,Rock
4LzkRZn1JLmqxmfPAXGSBB,Safe Here,The Swell,Rock
26iWAXoJRiUv9yYzxYBqSv,The Glass,Foo Fighters,Rock
00m8LoE09VL7vzGgqKZ6TQ,Ride or Die,Graeme Jonez,Rock
1JqVuH4Ofy4Bg7src0YhUb,Kickin' Stones,The Mighty One,Rock
6c4RIQcixWsXmhHtfMWPRY,Diggin' A Hole,Big Sugar,Rock
5DmDaYoOkFTHOxiOwxW2Jo,Really don´t care,The Blimp,Rock
0HLRccMV34ON7T0hH1qEVn,Dark Matter,Pearl Jam,Rock
42E1wt4PuswhRLnpoGJu7y,Down On The Bottom,Colin James,Rock
1na4kP9vFyaXHq8ZOGOC16,What Doesn't Kill You Makes You Paranoid,The Beaches,Rock
6bi9EmGLHoYBxYMUWKUygi,Jawbreaker,Cold Fame,Rock
4LoquO7KdIDV6zs3zZ4lfa,Suicidal Valentine,Cliff Cardinal & The Sky-Larks,Rock
4BYD2s44Gzhnpw9XsyhfKk,How High,Steve Marriner,Rock
5I1HVegLJDqPfKohdspxiS,True To Me,The Strongman Blues Remedy,Rock
2zXRUMkE5RmbSgZBoUmFZc,Devilment,Colin James,Rock
5UBf5zMnfnJUbIzZvgLMCZ,Going Down Singing,Emily Mac,Rock
1Ame8XTX6QHY0l0ahqUhgv,THE LONELIEST,Måneskin,Rock
7HXtg2vD7CMvV6PeHNsCYV,Orange Crush,Nadjiwan,Rock
7lFM5Onin0hHQp3U0FCO39,TV Queen,Andy Ellis,Rock
29HKyLS7W0ogIp8clrQwHp,Watcha Gonna Do,Chilliwack,Rock
1S129VbPDmmyHxYwYuwPqz,Payback Time (ft. Billy Gibbons),The Fabulous Thunderbirds,Rock
4qb385UrHaPm8Pp1yUkhht,The Bazaar,The Tea Party,Rock
6TPcGL3EkVRafuloDHAraU,Crooked & Hollow,The Space Between,Rock
02bJ6uGeHKfNOhIc9qyA8e,Wild Child,The Black Keys,Rock
5Drmu1go23lxuTv8qinXVI,Teenage Fantasies,Conor Furlong,Rock
03L4l4H66QLUiJYkhJPofr,Rollin' Along,Bachman & Turner,Rock
293qXS4YFA9eFcb8Plx4u9,Diamond and the Missing Son,Unquiet Nights,Rock
4rmMTVcACvRhFSdcgLEVv8,Real Deal,HOROJO Trio,Rock
2HxHylSuO7W9hLL2t1Dk3s,Sans Soleil,Alexisonfire,Rock
4LUMLE6t0wcBMILMmHxFk4,Don't It Make Ya Feel,Headpins,Rock
1rplFbvx8ryME3ax1cDff7,Lose It All,Rubikon,Rock
3bPOud3I3yIkBh8EApo3Lb,What'll I Do Now,Steven Page,Rock
5wZK0hHduZpjWWoT0rq9p4,Something Loud,Jimmy Eat World,Rock
1tFQq1agbsg5vOQHc7EyFp,Ain't No Big Deal On You,Sass Jordan,Rock
2TLQqXVxjxedEU0VdTQHJH,SoulD,Joe Marcinek Band,Rock
1K2u7NUlNKuT8vVIGZpgIC,The One I Love,MELØ,Rock
1mCkvMvjNAtRuql4SjnHIk,Dark Market,Cigar Club,Rock
2Y90KIHpQupMteXp5Aoq2y,Modern Life,KYTLY,Rock
2wVWGFVkL5I3JGsoWBx2AZ,EDGING,blink-182,Rock
2QXTNr2zUzBFVG1FWizpjp,Things Are Gonna Get Better,Smoke Ring Days,Rock
5qM7wBA2RnGBLjyzsNSgGK,What Feels Like Eternity,Metric,Rock
3hVVJwrWftpSTnUHCUqcMg,Come On,Son of James,Rock
40klD5VXZufmafYS2V11zQ,Born in the City,Midnight Sparrows,Rock
0ESEBKbdzQZqGGsWhOuZZ9,What Kind of Man Is This,Crystal Shawanda,Rock
6fyCVdU5lJT9ErO9QicFWC,These Are The Days,Inhaler,Rock
3mUvdn4Pv1NW83I8GZ8Wk6,"Scream, Holler & Howl",Blue Moon Marquee,Rock
1giGzzU08U4XCp5kRlJaev,Surrender To The Rhythm,Elvis Costello,Rock
3ENwOP2kZLbiAAPQmqtZlo,I Wanna Know You,The Sheepdogs,Rock
4v6soAl2R4sJB6Iyt2aiHw,Fear Of The Dawn,Jack White,Rock
72sihXI4EcZjbbnoo2yyHQ,Still Alive and Well,Sass Jordan,Rock
6NTaNlVIeigg3ERXef5wjM,Invincible,Eddie Vedder,Rock
63JU4kHsgytIKkSM4tedme,Everything's Electric,Liam Gallagher,Rock
7kZeC5mXjQttENXzarNaf5,What Doesn't Make Me Stronger,Leah Martel,Rock
3fyCwnT64CHVVLXVyAnpKc,The Beautiful,The Tea Party,Rock
2ZvxyrNMYKMTazLQI2v9BX,Traps,Bloc Party,Rock
32BszFN81SnX2ZioFxpp4p,Thunderbird,Blue Moon Marquee,Rock
5B65HwySsdPNBSxnRFuogq,Fire It Up,Thunderor,Rock
6bKARDpUzKbcIzMRPlidR2,Fine Young Man,The Strongman Blues Remedy,Rock
4Yk7nkmqitDCycO0Z0UsKe,Crawling Kingsnake,The Black Keys,Rock
5bAcoD5xcKAyJYR4EMSRZl,The Golden Age of Doubling Down,Steven Page,Rock
01cePtxcDLw1pDnTDSuFJI,Coal Mine,Steve Marriner,Rock
4MDDOpA7BwGDjYclTmCTVw,Wake Me Up,Foals,Rock
7s7m8L8NcIYzgw0qmoghA8,Taking Me Back,Jack White,Rock
3dCWQLRV2f8OSXZ7vttnoI,Fake Fame,Dear Rouge,Rock
5OkKRSGDSVISuXEYQIWx6z,Cut Me Loose,Harm & Ease,Rock
01CUo2gjV0mBB5EBHOfxTB,End of Me (feat. Rivers Cuomo),Billy Talent,Rock
6voIJ7OWwRabSZDC77D5Hp,Trouble’s Coming,Royal Blood,Rock
4RYAAiseMDi3NlWooNNdIz,As The Crow Flies,Colin James,Rock
0zlaa4AmbFE7MVDijsyD9Q,Heat Above,Greta Van Fleet,Rock
0uxCLF6WCnIgq5M8HAzBWk,Big Day,Martha and the Muffins,Rock
6izZd7444tvwqzWVwR9wUV,Hold Steady,The Glorious Sons,Rock
2IPi2qAwjrbeoyIxKpHSQ0,Star Nation,Nadjiwan,Rock
5SefpS9fNKmduJWxxqH0tA,Click Click Domino (feat. Marcus King),Ida Mae,Rock
7x8dCjCr0x6x2lXKujYD34,The Pretender,Foo Fighters,Rock
5wnkN2C5CuhOQyZHnNHoiI,Tell Me I'm Wrong,The Strongman Blues Remedy,Rock
45Ia1U4KtIjAPPU7Wv1Sea,Are You Gonna Go My Way,Lenny Kravitz,Rock
4AdSgPoYsFYrIfZZUS9zX9,Set The Record Straight,HOROJO Trio,Rock
0Tr5G2mE56eLUGvCaXRM8I,No Good,KALEO,Rock
5QTxFnGygVM4jFQiBovmRo,(Don't Fear) The Reaper,Blue Öyster Cult,Rock
6ZOdsfgq6ygEPnG3nCIY8L,Ghosts,Bruce Springsteen,Rock
5kNfXqjVWtBwv2lVVkmWlJ,That's Alright,The Nils,Rock
2AT8iROs4FQueDv2c8q2KE,R U Mine?,Arctic Monkeys,Rock
67eX1ovaHyVPUinMHeUtIM,Hurts So Good,John Mellencamp,Rock
4rAnSE0E0f33unxXsQa5Fr,Lunatic Fringe,Red Rider,Rock
5w6B0sAH7XauCvMOAtplQj,Fire,Barns Courtney,Rock
2Fldpc2JZbORZZWMaGipgt,Back Down South,Larkin Poe,Rock
1wsRitfRRtWyEapl0q22o8,Guerrilla Radio,Rage Against The Machine,Rock
183Klch3PBWLz2S6zNUVxR,Back In The U.S.S.R. - 2018 Mix,The Beatles,Rock
1kP46fRENS8tD9khEB5yPD,Best Boy,JJ Wilde,Rock
5yAu4njFSdM47dfsTkQPZ2,Runnin' Down A Dream,Tom Petty,Rock
2tW848mCm2JjkVbzwmsZXA,All Touch,Rough Trade,Rock
3Brp1GxHcHZzUfHlP5ddOB,"American Woman - 7"" Single Version",The Guess Who,Rock
3lPr8ghNDBLc2uZovNyLs9,Supermassive Black Hole,Muse,Rock
429IbFR4yp2J81CeTwF5iY,Sweetness,Jimmy Eat World,Rock
6hTcuIQa0sxrrByu9wTD7s,Born to Run,Bruce Springsteen,Rock
1I7zHEdDx8Ny5RxzYPqsU2,Reelin' In The Years,Steely Dan,Rock
1QEEqeFIZktqIpPI4jSVSF,More Than a Feeling,Boston,Rock
05xiVAL04gm32H3zcHTIZh,Running,HOROJO Trio,Rock
44M2NhazFexcthMZhNKmgG,The Spell Of The Lilac Bloom (feat. Joey Landreth),Ruth Moody,Indie Folk Feel
5W1qIFkzQWFv9p1isrnpe9,Spotless (feat. The Lumineers),Zach Bryan,Indie Folk Feel
3rJsgjolR274XLmUeAOtHa,Long Chain Of Love,Sylvia Tyson,Indie Folk Feel
0K1SBZbaNoaXZlkiOd8f0Q,Irish Red,Jimmy Rankin,Indie Folk Feel
09Acpmydc7iDDJeAos8gUL,Broken Sky,Ray LaMontagne,Indie Folk Feel
3eW01Wg4B8gnhePKQh1ycd,The Crests Of June,Nadjiwan,Indie Folk Feel
4ScNNuRPtMjuNzOb8iwlIx,Into the Now,Bruce Cockburn,Indie Folk Feel
4bXf16lv9B5L4V8AbkWoTh,Dans l'eau de vie de l'arbre,Le Vent du Nord,Indie Folk Feel
41UIoI9cGEVx7Qm3Y6Ssun,Soldiers Joy,Meredith Moon,Indie Folk Feel
1wkze3nOLQkWG9uHjHaKjc,IYKYK,New West,Indie Folk Feel
6aRR9T2nb87UsLTor5I35D,Cosmic Dreamer,Barney Bentall,Indie Folk Feel
05BOpWjbd4VVDT4j6fSXyV,Mistakes,Gregory Alan Isakov,Indie Folk Feel
0WVh3oDc5nInV5R1LV6E9b,Woman of the House,Natalie MacMaster,Indie Folk Feel
0k4OWoIie8jrNLBrwhNodj,Already Free,Ruth Moody,Indie Folk Feel
0mLHETrT8jlcMpdw9DQTRr,Night Owl,Lynn Miles,Indie Folk Feel
7fatZBmcxsr1xqjy425oq6,Tell Me Where It Hurts,Marc Jordan,Indie Folk Feel
0hhRZjuboEqeXWX4f6Wg4c,Constellations,Meredith Moon,Indie Folk Feel
4zdBBaRLTPrR2wFtODDSGW,Going Down The Road,Bruce Cockburn,Indie Folk Feel
2GTC1s6jGxdcc6ksP28EH8,Highway 105,Lynn Miles,Indie Folk Feel
2NAOqvZIf7onZ4kDLU560I,Ready or Not (feat. Sierra Ferrell),Shakey Graves,Indie Folk Feel
74961kSZFQShEPEDW5eizA,The Benefits of Surrender,James Keelaghan,Indie Folk Feel
2a472lJEnnVKszxn13mrYJ,Human Doll,Steven Page,Indie Folk Feel
4Q5CLb0X0TekGSgkwn0jyj,Long Shot,Marc Jordan,Indie Folk Feel
2vOWeduJdE3pDR3c8uCE7Z,Drugstore Houses,Garrett Kato,Indie Folk Feel
5pB2FfZtbZviY37ZzxCfsg,Holloway Jack,The Mahones,Indie Folk Feel
2OuSL2gmVkBLrqhj3cd1Ii,Casual,Tif Ginn,Indie Folk Feel
57VGyS8QAo0oEYL1xURxPL,Whirlwind,Steve Dawson & The Telescope 3,Indie Folk Feel
07s7P8nD2iuQof7ouRrIq2,Whiskey Jack (Home),Barney Bentall,Indie Folk Feel
6WSMa3dapwtDHoqWi92PZO,Snowy Owl,Stars,Indie Folk Feel
4Vr0FUtn0pT6kCXFNK3zOJ,The Crossing,Susan Aglukark,Indie Folk Feel
7uBsxxFvXiuQBJUHG4bhvf,Colin Went Down to the Water,Bruce Cockburn,Indie Folk Feel
50ADbv6WLNp2jfeb5eTn6D,"Gone, Long Gone",Steve Dawson,Indie Folk Feel
1FmuWNsBbUzUCUNXfgqSO2,The Whole Night Sky,Bruce Cockburn,Indie Folk Feel
6GBo8Hdb6EHTty78clpPNB,Slow Moving Train,Meredith Moon,Indie Folk Feel
46uPN63Jgen8ohoiBXFTAa,I Hope You Change Your Mind,Donovan Woods,Indie Folk Feel
15EVZNxfL0mUSy1K3dAkhy,Not Quite Rain,Sylvia Tyson,Indie Folk Feel
7zONjriMYltCzBer4ACScM,When I Was a Boy,Zachari Smith,Indie Folk Feel
4Vs2i8GdP5s7vd8vfSRcDk,Phoenix,Big Red Machine,Indie Folk Feel
2fNsEWPKLnx240kmlLeqZn,And Again,Katherine Fischer,Indie Folk Feel
3coX2tggQeNsgeUIVoagUT,Waterwalker Theme,Bruce Cockburn,Indie Folk Feel
6IgHzRaxtmfC07vM5gutLJ,Turn the Radio Up,Matt Patershuk,Indie Folk Feel
4xafACltf1Da77El9PSe1j,Lost In Her Ocean,Will Whitwham,Indie Folk Feel
0gTlRYZfrqihmjUfcSg1ao,Half Breed,Berk Jodoin,Indie Folk Feel
08bIZxKG4DTvhP7qxUNIqv,Waiting on the Night,Zachari Smith,Indie Folk Feel
5g7rJvWYVrloJZwKiShqlS,Dirty Paws,Of Monsters and Men,Indie Folk Feel
6zjZArgz7ArC1yOwTW2cLm,Hollow,Jon Bryant,Indie Folk Feel
01cePtxcDLw1pDnTDSuFJI,Coal Mine,Steve Marriner,Indie Folk Feel
0kOCKkxSvSUxfTpTBwYRqD,To Keep the World We Know,Bruce Cockburn,Indie Folk Feel
4iecg4JawWZxkvSKo7T1xH,All This Time Running,Craig Cardiff,Indie Folk Feel
3fUV94MU8ULFZtKh3KUYlm,Oblivion,The Wilderness of Manitoba,Indie Folk Feel
4GXAlfigFhG5DhjAKkhe77,Seventeen,Ruth Moody,Indie Folk Feel
429EttO8gs0bDo2SQfUNSm,Georgia,Vance Joy,Indie Folk Feel
71UTcCow2CVqk8PkDsIrXq,Strong Enough,Ray LaMontagne,Indie Folk Feel
5Os0hm3IZgGFU3Y7MT79WO,Other Side of the Curve,John Wort Hannam,Indie Folk Feel
0Y9belsGlq7oWUjDwAOfJw,Never Look Back,The Franklin Electric,Indie Folk Feel
4qi3E7t7N3rw8N8HAr8qfW,Running out After You,Tom Speight,Indie Folk Feel
2tRxHjEkdgGMv9kZbOyqOH,And It's Still Alright,Nathaniel Rateliff,Indie Folk Feel
5jKrSVPHA7sfhpBgLYaH4v,Us All,Bruce Cockburn,Indie Folk Feel
2baejXdN4ZbKCNsVYD95b5,Like A Little Bird,Mike Stevens,Indie Folk Feel
3Zc9Z0RrfZfof3QKZwM5Zc,Water From A Stone,Marc Jordan,Indie Folk Feel
26cDqrRycGszZWBEJxZkgh,Back Home - Acoustic,Finny McConnell,Indie Folk Feel
027LP8LjC1WHtLkg0Jfb0B,Moody,Lynn Miles,Indie Folk Feel
3Kd4ykOjwX69Mv0PKPrlqd,Star Crossed,Meredith Moon,Indie Folk Feel
0HE3TnUyHfk9HW09zzbbxc,Survivors - Acoustic,Passenger,Indie Folk Feel
1NSmJEll2hK6ZqDLjS1Tl5,A Thomson Day (For Tom Thomson),Murray McLauchlan,Indie Folk Feel
0czHXU3yKiG0L0gbiW5Bo9,Someone Save Me,Finny McConnell,Indie Folk Feel
3bMOSKm9avJIHCntMHv7zz,Long Time,Wild Rivers,Indie Folk Feel
36khbx0Z5usy7yVUaUOewr,How Can I Make You Love Me,She & Him,Indie Folk Feel
521OGmvX6wu71tyKDUwwR1,The Things We Do to Each Other,Cowboy Junkies,Indie Folk Feel
0LLGUaDHoONgrkLwcbC7sd,This Storm,Catherine MacLellan,Indie Folk Feel
4lLqrFg9wpZJImUReKuIim,Hey Hey! (Song For Gord),Leeroy Stagger,Indie Folk Feel
7CEV9VwA8XO9wwxTXgYKvY,I And Love And You,The Avett Brothers,Indie Folk Feel
4NDi1cV4WZgWX04ExSRddy,Bonnie's Lounge,Braden Gates,Indie Folk Feel
0H3SYOgMIYI04Udj3POl0J,Farm In The Middle Of Nowhere,Buffy Sainte-Marie,Indie Folk Feel
4ZudlzNCF16RaTykekBoT5,Sometimes,The Wilderness of Manitoba,Indie Folk Feel
56EYYIIK0qFBwd4STmi57U,Gathering Storm,James Keelaghan,Indie Folk Feel
0hiNGud4iaOWmZ621ialwU,Two Shots,John Muirhead,Indie Folk Feel
4kcReaJok7Xm2rLgwej1nL,Bonaparte Plateau,RanchWriters,Indie Folk Feel
0lfla2UmXAtORiiMU70ThK,One and Only,Ruth Moody,Indie Folk Feel
7pKHxUZx4yI58URz6FRjm4,November,The Wilderness of Manitoba,Indie Folk Feel
55jsr64ANTj23HaCtlotGz,In The Ashes,Will Whitwham,Indie Folk Feel
5e7H5e3BBsDJmygioSJMHF,Heart Attack,Wild Rivers,Indie Folk Feel
5s3Jd4MqCAIqweX4QaY061,When It Comes To Love,Crystal Shawanda,Indie Folk Feel
78qWzzsm8vLc8HbNbNZRFZ,Potter's Wheel,Barney Bentall,Indie Folk Feel
1cE6NjYshxH6KuOYnKYBbU,When the Spirit Walks in the Room,Bruce Cockburn,Indie Folk Feel
3SrKpf4xPJmDZMAxkLFIOI,Loving You Never Gets Old,Jimmy Rankin,Indie Folk Feel
6RlUF0qYvPVi0Uo59GbHHD,Won't Change The World,Barney Bentall,Indie Folk Feel
3O0TmuAXNdqdBp14hONExb,"To Be Safe, Loved & Home (2020)",Craig Cardiff,Indie Folk Feel
5Xti1ww5aprihgNPifPja8,Waterton,Evergreen,Indie Folk Feel
2OtfhsALRHmVWfmdfLWjit,I Want It All,Leeroy Stagger,Indie Folk Feel
2HBIfm9S9CUZ0rnC0pbaZG,Rest in Peace,David Wilcox,Indie Folk Feel
2tyJZEwHcA12gKGLGiKRzs,Boulder To Birmingham,Emmylou Harris,Indie Folk Feel
44oUz7JN5URZTIT21knGLg,Emm & May,Craig Cardiff,Indie Folk Feel
1zEie6BLOAHQfUCe0yeegt,If It's Alright With You,Catherine MacLellan,Indie Folk Feel
3ekNuTF3UpOvIZCfiejpnC,Stubborn Love,The Lumineers,Indie Folk Feel
2OJsO8lKbN6NgxmYaRH1uA,Gonna Get Good,The Once,Indie Folk Feel
1eOt3lInNLAvkf7xE7RFWi,Last Surrender,Matt Andersen,Indie Folk Feel
7heqHJlhyuaxbgcjTnlKSd,We're Miles Apart,Finny McConnell,Indie Folk Feel
3jP94J20LpwhaAzByKfuCU,Traveller,John Muirhead,Indie Folk Feel
2rSqRUANR3LVB1M9qo7npI,Song for the Line Cook,Braden Gates,Indie Folk Feel
